RestaurantID,RestaurantName,CuisineType,Segment,Subregion,GrowthFactor,AOV,MonthlyOrders,InStoreOrdersCount,UberEatsOrdersCount,DoorDashOrdersCount,SelfDeliveryOrdersCount,InStoreRevenue,UberEatsRevenue,DoorDashRevenue,SelfDeliveryRevenue,TotalRevenue,COGSRate,OPEXRate,CommissionRate,DeliveryRadiusKM,DeliveryCostOrder,SD_DeliveryTotalCost,InStoreNetProfit,UberEatsNetProfit,DoorDashNetProfit,SelfDeliveryNetProfit,TotalNetProfit,InStoreShare,UE_share,DD_share,SD_share
1,Golden Wok #1,Sushi,Casual Dining,Ponsonby,1.0137,36.73,2574,877,580,594,523,32212.21,21968.64,23167.35,20034.45,97382.65,0.3532,0.4718,0.2694,4.9,1.72,899.56,5637.14,-2073.84,-2187.0,2606.47,3982.77,0.3407,0.3418,0.35,0.3082
2,Tui Table #2,Italian,Bar/Pub,Devonport,0.9933,34.29,2087,984,379,348,376,33741.36,14739.98,13058.16,13747.74,75287.24,0.2858,0.2804,0.304,3.0,2.1,789.6,14637.0,1913.25,1694.95,5174.17,23419.37,0.4715,0.3436,0.3155,0.3409
3,Arataki Eatery #3,Sushi,Cafe,Manukau,1.0241,34.18,2545,1091,514,527,413,37290.38,20030.88,19024.48,14273.15,90618.89,0.2823,0.4264,0.2845,5.7,2.91,1201.83,10862.69,136.21,129.37,2955.94,14084.21,0.4287,0.3535,0.3624,0.284
4,The Copper Pan #4,Indian,QSR,Ponsonby,1.0026,32.11,5752,1989,1228,1412,1123,63866.79,44431.32,46560.47,38684.48,193543.06,0.2889,0.3511,0.3186,6.7,2.56,2874.88,22992.04,1839.46,1927.6,11051.53,37810.63,0.3458,0.3263,0.3752,0.2984
5,Nikau Noodle House #5,Seafood,QSR,North Shore,1.0025,32.98,4754,1845,902,1077,930,60848.1,32518.35,39636.93,31975.37,164978.75,0.3308,0.3289,0.2711,3.8,3.58,3329.4,20706.61,2250.27,2742.88,7551.82,33251.58,0.3881,0.3101,0.3702,0.3197
6,Manuka Street Food #6,Sushi,Casual Dining,Newmarket,1.0141,38.05,3091,1012,601,847,631,38506.6,24983.07,33589.37,25135.33,122214.37,0.3194,0.3373,0.294,6.9,4.24,2675.44,13219.32,1231.67,1655.96,5953.52,22060.47,0.3274,0.2891,0.4074,0.3035
7,Golden Wok #7,Bar & Grill,Fine Dining,Ponsonby,1.0084,46.18,1088,692,159,104,133,31956.56,8429.32,5164.57,6392.61,51943.06,0.3255,0.4576,0.2952,3.0,1.73,230.09,6931.38,-660.02,-404.39,1156.47,7023.44,0.636,0.4015,0.2626,0.3359
8,Volcano Pizza #8,Pizza,QSR,Manukau,1.0187,33.49,6318,1765,1778,1539,1236,59109.85,62655.1,55835.3,41512.94,219113.19,0.2485,0.2765,0.325,5.9,1.99,2459.64,28077.18,9398.26,8375.29,17259.01,63109.74,0.2794,0.3905,0.338,0.2715
9,Cafe Aroha #9,Sushi,QSR,Devonport,0.99,29.79,4891,1758,1348,866,919,52370.82,41356.54,26932.78,28465.72,149125.86,0.2868,0.3015,0.2288,13.7,1.22,1121.18,21561.07,7564.11,4926.01,10598.16,44649.35,0.3594,0.4303,0.2764,0.2933
10,Golden Wok #10,Steakhouse,Casual Dining,Manukau,1.0141,40.33,2354,857,511,629,357,34562.81,22526.31,26186.74,14701.37,97977.23,0.3426,0.3675,0.2662,10.9,5.03,1795.71,10019.76,533.87,620.63,2466.22,13640.48,0.3641,0.3413,0.4202,0.2385
11,Karaka Kebabs #11,Vegan/Plant-Based,QSR,West Auckland,0.9965,29.79,5955,2129,1823,1188,815,63422.91,57714.52,37699.46,24944.46,183781.35,0.3683,0.2,0.3055,10.2,3.14,2559.1,27379.67,7283.57,4757.67,8209.42,47630.33,0.3575,0.4765,0.3105,0.213
12,Pohutukawa Pub #12,Sushi,Fine Dining,Devonport,1.0005,39.95,1063,584,86,221,172,23330.8,3648.38,10098.53,7228.22,44305.93,0.3518,0.5061,0.3264,6.0,3.33,572.76,3315.31,-672.4,-1861.16,454.37,1236.12,0.5494,0.1795,0.4614,0.3591
13,Rangitoto Roast #13,Indian,Cafe,West Auckland,0.99,30.8,3348,1534,680,742,392,47247.2,21382.17,25138.22,12554.32,106321.91,0.257,0.3459,0.2872,4.1,1.33,521.36,18761.86,2349.9,2762.69,4463.96,28338.41,0.4582,0.3749,0.409,0.2161
14,Rangitoto Roast #14,Korean BBQ,QSR,South Auckland,1.0187,32.29,6546,2167,1643,1478,1258,69972.43,58225.68,51045.46,40923.75,220167.32,0.2645,0.2758,0.2712,5.5,2.8,3522.4,32166.33,10975.54,9622.07,15290.25,68054.19,0.331,0.3752,0.3375,0.2873
15,Gecko Cafe #15,Bakery/Desserts,Bar/Pub,Manukau,0.99,33.57,1713,810,306,345,252,27191.7,10830.46,11871.87,8509.07,58403.1,0.2766,0.312,0.3027,9.3,3.36,846.72,11186.67,1177.27,1290.47,2653.91,16308.32,0.4729,0.3389,0.3821,0.2791
16,Tui Table #16,Steakhouse,QSR,Ponsonby,0.9928,34.91,6336,1806,1446,2227,857,63047.46,52722.26,85366.3,30362.23,231498.25,0.2471,0.3179,0.3061,12.5,2.52,2159.64,27425.65,6795.9,11003.72,11047.93,56273.2,0.285,0.3192,0.4916,0.1892
17,Karaka Kebabs #17,Thai,QSR,South Auckland,1.0227,29.79,4029,1173,854,1199,803,34943.67,26083.19,36860.96,24286.67,122174.49,0.3165,0.2553,0.2692,12.7,3.98,3195.94,14962.88,4147.23,5860.89,7203.61,32174.61,0.2911,0.299,0.4198,0.2812
18,Spice Route #18,Chinese,QSR,East Auckland,1.0156,30.58,4183,1434,1041,808,900,43851.72,33978.33,26945.53,28861.33,133636.91,0.3245,0.2,0.2899,11.7,5.31,4779.0,20851.49,6306.38,5001.09,8944.56,41103.52,0.3428,0.3787,0.2939,0.3274
19,Manuka Street Food #19,Seafood,QSR,Auckland CBD,1.0028,29.95,5320,1870,1361,1162,927,56006.5,46234.89,38899.95,28158.59,169299.93,0.3131,0.3204,0.3154,6.9,1.76,1631.52,20526.38,2362.6,1987.79,8688.6,33565.37,0.3515,0.3945,0.3368,0.2687
20,The Copper Pan #20,Steakhouse,QSR,North Shore,1.0338,31.84,3981,1085,995,1017,884,34546.4,33701.0,34812.02,30131.95,133191.37,0.2934,0.326,0.3367,9.6,1.68,1485.12,13148.36,1479.47,1528.25,9983.1,26139.18,0.2725,0.3436,0.3512,0.3052
21,Karaka Kebabs #21,Indian,QSR,Auckland CBD,1.0054,32.98,3825,1214,1084,1027,500,40037.72,39621.35,35866.23,16766.72,132292.02,0.3169,0.29,0.3023,8.4,1.83,915.0,15738.83,3597.62,3256.65,5676.0,28269.1,0.3174,0.4152,0.3933,0.1915
22,Little Saigon #22,Burgers,QSR,Auckland CBD,1.0125,29.79,3687,1084,1090,749,764,32292.36,36314.09,22896.41,22925.49,114428.35,0.3051,0.2426,0.2813,8.8,4.57,3491.48,14605.83,6209.71,3915.29,6877.72,31608.55,0.294,0.4187,0.2877,0.2935
23,Blue Wave Sushi #23,Sushi,QSR,Ponsonby,1.016,34.53,5081,1547,1516,1257,761,53417.91,55627.21,44412.1,28118.31,181575.53,0.2767,0.3044,0.2784,16.6,3.95,3005.95,22376.76,7815.62,6239.9,8772.81,45205.09,0.3045,0.429,0.3557,0.2153
24,The Brass Fork #24,Bakery/Desserts,Casual Dining,Ponsonby,0.9967,38.22,3018,979,848,678,513,37417.38,36520.65,27880.06,20070.1,121888.19,0.3755,0.3068,0.2967,3.3,2.65,1359.45,11887.5,766.93,585.48,5016.82,18256.73,0.3244,0.4159,0.3325,0.2516
25,Tui Table #25,Thai,Casual Dining,Ponsonby,1.0131,31.38,1899,709,402,460,328,22248.42,14001.68,16381.11,10642.94,63274.15,0.3094,0.3286,0.2765,8.7,2.84,931.52,8053.93,1197.14,1400.58,2921.22,13572.87,0.3734,0.3378,0.3866,0.2756
26,Arataki Eatery #26,Italian,Cafe,Auckland CBD,0.997,29.79,3699,1544,731,847,577,45995.76,23795.2,26537.34,18507.59,114835.89,0.3033,0.3125,0.2857,13.7,1.9,1096.3,17671.57,2343.83,2613.93,6014.32,28643.65,0.4174,0.3392,0.393,0.2677
27,Nikau Noodle House #27,Italian,Cafe,Auckland CBD,0.9988,30.96,4054,1832,762,718,742,56718.72,24066.39,24332.77,24707.87,129825.75,0.2074,0.3922,0.2483,4.4,3.78,2804.76,22710.18,3660.5,3701.01,7088.27,37159.96,0.4519,0.3429,0.3231,0.3339
28,Kiwi Kitchen Co #28,Vegan/Plant-Based,Casual Dining,West Auckland,1.0264,37.23,2137,714,547,521,355,26582.22,20865.01,21510.3,13972.55,82930.08,0.3583,0.3619,0.3189,7.2,2.38,844.9,7437.71,-815.82,-841.05,3064.62,8845.46,0.3341,0.3844,0.3661,0.2495
29,Silver Fern Diner #29,Burgers,Bar/Pub,Manukau,0.99,35.64,1717,856,369,293,199,30507.84,15108.22,10733.95,7131.48,63481.49,0.3041,0.3176,0.2458,7.6,2.51,499.49,11541.12,2001.84,1422.25,2198.35,17163.56,0.4985,0.4286,0.3403,0.2311
30,The Copper Pan #30,Pizza,Bar/Pub,South Auckland,0.99,35.9,2649,1104,759,490,296,39633.6,30564.11,18292.93,11130.81,99621.45,0.2609,0.4377,0.267,8.7,3.47,1027.12,11945.57,1051.41,629.28,2327.71,15953.97,0.4168,0.4913,0.3172,0.1916
31,The Copper Pan #31,Indian,QSR,East Auckland,1.0362,32.79,6433,1862,1930,1628,1013,61054.98,72263.75,56748.72,35844.55,225912.0,0.3168,0.3176,0.2829,3.9,2.59,2623.67,22321.7,5976.21,4693.12,10481.1,43472.13,0.2894,0.4222,0.3562,0.2216
32,Cafe Aroha #32,Italian,QSR,North Shore,1.05,35.32,5588,1892,1176,1516,1004,66825.44,47239.23,59280.45,38147.59,211492.71,0.3168,0.3169,0.3397,11.6,2.54,2550.16,24478.16,1256.56,1576.86,11423.3,38734.88,0.3386,0.3182,0.4102,0.2716
33,Golden Wok #33,Bar & Grill,QSR,Devonport,1.0059,29.79,6233,1835,1604,1464,1330,54664.65,48865.81,46973.98,39956.69,190461.13,0.2807,0.2815,0.2673,11.8,2.81,3737.3,23932.18,8331.62,8009.06,13755.74,54028.6,0.2944,0.3647,0.3329,0.3024
34,Silver Fern Diner #34,Italian,QSR,South Auckland,0.99,29.79,3890,993,951,938,1008,29581.47,31813.22,31168.91,30979.54,123543.14,0.3164,0.2702,0.26,11.3,3.67,3699.36,12228.98,4880.15,4781.31,9107.58,30998.02,0.2553,0.3283,0.3238,0.3479
35,Westfield Wok #35,Thai,Casual Dining,Auckland CBD,1.0013,34.17,2439,930,641,529,339,31778.1,23625.62,20476.19,11876.03,87755.94,0.2957,0.2707,0.2635,6.5,4.61,1562.79,13778.98,4018.72,3483.0,3586.66,24867.36,0.3813,0.4248,0.3506,0.2247
36,Harbor Bites #36,Bakery/Desserts,Cafe,Devonport,1.0007,32.01,3888,1598,951,815,524,51151.98,34174.93,29181.9,16947.32,131456.13,0.2617,0.3984,0.3298,9.8,3.44,1802.56,17386.56,345.17,294.74,3957.83,21984.3,0.411,0.4153,0.3559,0.2288
37,Manuka Street Food #37,Sushi,QSR,Newmarket,1.0092,36.36,4484,1572,1174,846,892,57157.92,43577.64,35343.64,34235.88,170315.08,0.3338,0.3224,0.2,6.4,3.68,3282.56,19650.89,6266.46,5082.42,8487.74,39487.51,0.3506,0.4032,0.2905,0.3063
38,Kiwi Kitchen Co #38,Steakhouse,Cafe,Auckland CBD,0.99,29.79,3876,1650,786,846,594,49153.5,24760.5,28177.9,18082.93,120174.83,0.3092,0.341,0.2499,8.3,2.58,1532.52,17193.89,2473.57,2814.97,4792.89,27275.32,0.4257,0.3531,0.3801,0.2668
39,Kowhai Kitchen #39,Steakhouse,Casual Dining,East Auckland,1.0147,29.79,2645,926,593,715,411,27585.54,19744.2,24085.51,12581.48,83996.73,0.2988,0.3731,0.35,17.0,2.02,830.22,9050.82,-432.4,-527.47,3297.76,11388.71,0.3501,0.345,0.4159,0.2391
40,Waterfront Grill #40,Italian,QSR,Ponsonby,1.0199,29.79,6100,2093,1586,1380,1041,62350.47,53062.69,46380.84,31235.56,193029.56,0.278,0.3368,0.2977,9.8,3.52,3664.32,24017.4,4642.99,4058.32,8367.62,41086.33,0.3431,0.3958,0.3444,0.2598
41,Ponsonby Pizza Co #41,Mexican,Bar/Pub,Devonport,0.99,33.08,2132,984,416,481,251,32550.72,15145.15,17740.26,8633.85,74069.98,0.2406,0.2623,0.2468,5.3,2.99,750.49,16180.96,3790.83,4440.39,3541.4,27953.58,0.4615,0.3624,0.419,0.2186
42,Rangitoto Roast #42,Indian,QSR,Ponsonby,1.0225,30.05,4896,1369,1370,1169,988,41138.45,43604.16,39492.61,30065.07,154300.29,0.322,0.2705,0.2787,10.1,1.24,1225.12,16763.92,5616.22,5086.65,11026.4,38493.19,0.2796,0.3884,0.3314,0.2801
43,Gecko Cafe #43,Bakery/Desserts,Bar/Pub,East Auckland,1.0328,34.57,1889,886,377,363,263,30629.02,13819.39,14324.69,9406.19,68179.29,0.23,0.2832,0.282,4.8,2.44,641.72,14910.21,2830.21,2933.7,3937.21,24611.33,0.469,0.3759,0.3619,0.2622
44,Urban Burger Bar #44,Indian,QSR,South Auckland,1.0146,32.14,4353,1292,1488,923,650,41524.88,54791.33,32091.15,21130.56,149537.92,0.3107,0.3886,0.3054,5.3,2.71,1761.5,12486.53,-257.52,-150.83,4592.46,16670.64,0.2968,0.4861,0.3015,0.2123
45,Golden Wok #45,Steakhouse,Bar/Pub,Devonport,0.9969,34.91,2524,979,740,468,337,34176.89,27825.09,18020.31,12662.41,92684.7,0.2824,0.3838,0.3352,5.9,2.24,754.88,11408.25,-38.96,-25.23,3471.83,14815.89,0.3879,0.479,0.3029,0.2181
46,Pohutukawa Pub #46,Italian,Bar/Pub,North Shore,0.9999,39.67,1697,680,391,372,254,26975.6,16722.79,16040.27,10193.05,69931.71,0.2574,0.2299,0.2917,7.9,4.43,1125.22,13830.39,3695.74,3544.9,4100.76,25171.79,0.4007,0.3845,0.3658,0.2498
47,The Copper Pan #47,Mexican,Food Truck,West Auckland,1.0192,29.79,1149,404,196,330,219,12035.16,6374.86,11114.93,6796.39,36321.34,0.3203,0.2,0.2638,12.8,3.33,729.27,5773.27,1376.33,2399.71,2530.96,12080.27,0.3516,0.2631,0.443,0.294
48,Westfield Wok #48,Thai,Fine Dining,Waitakere,0.99,41.98,718,392,131,120,75,16456.16,5902.13,5420.84,3198.12,30977.25,0.3409,0.4434,0.3036,11.5,4.31,323.25,3549.59,-518.8,-476.49,366.58,2920.88,0.546,0.4018,0.3681,0.2301
49,Volcano Pizza #49,Indian,Fine Dining,Waitakere,0.9995,46.68,724,406,95,94,129,18952.08,4841.91,4943.27,6058.51,34795.77,0.3436,0.4264,0.2591,11.3,3.09,398.61,4358.98,-140.9,-143.85,994.85,5069.08,0.5608,0.2987,0.2956,0.4057
50,Tui Table #50,Burgers,Casual Dining,North Shore,1.0001,32.63,3104,1015,640,706,743,33119.45,22474.58,25891.41,24636.47,106121.91,0.2907,0.3138,0.249,5.7,2.89,2147.27,13098.74,3292.53,3793.09,7596.45,27780.81,0.327,0.3064,0.338,0.3557
51,Rangitoto Roast #51,Chinese,Fine Dining,Manukau,1.0247,46.36,866,441,105,129,191,20444.76,5488.31,6847.87,8893.56,41674.5,0.3805,0.5472,0.2272,7.6,1.77,338.07,1478.16,-850.14,-1060.74,304.93,-127.79,0.5092,0.2471,0.3035,0.4494
52,Blue Wave Sushi #52,Mexican,QSR,South Auckland,1.0094,32.36,6793,2275,1724,1406,1388,73619.0,63497.33,47880.43,45416.57,230413.33,0.277,0.3156,0.233,10.5,2.81,3900.28,29992.38,11073.93,8350.35,14602.43,64019.09,0.3349,0.3816,0.3112,0.3072
53,Urban Burger Bar #53,Burgers,Casual Dining,Manukau,1.031,37.48,2097,761,655,349,332,28522.28,28015.15,14548.82,12934.61,84020.86,0.3305,0.4037,0.2531,7.3,2.81,932.92,7581.22,355.79,184.77,2505.1,10626.88,0.3629,0.4903,0.2612,0.2485
54,Fenwick's Bistro #54,Korean BBQ,Casual Dining,Newmarket,0.99,43.56,2811,1123,587,513,588,48917.88,27956.87,24992.07,26948.89,128815.71,0.3179,0.3454,0.2447,8.5,1.3,764.4,16470.65,2572.03,2299.27,8309.29,29651.24,0.3995,0.3477,0.3039,0.3483
55,Fenwick's Bistro #55,Steakhouse,Bar/Pub,Auckland CBD,1.0108,33.82,2155,1015,380,549,211,34327.3,13847.33,21198.45,7185.88,76558.96,0.2284,0.3761,0.2894,11.0,2.21,466.31,13576.45,1469.2,2249.16,2375.71,19670.52,0.471,0.3333,0.4816,0.1851
56,Harbor Bites #56,Sushi,Cafe,Newmarket,1.0098,38.21,3213,1512,688,556,457,57773.52,29224.41,24174.36,18078.05,129250.34,0.2617,0.331,0.244,8.3,2.44,1115.08,23531.15,4772.35,3947.67,6248.11,38499.28,0.4706,0.4045,0.3269,0.2687
57,Silver Fern Diner #57,Indian,Cafe,East Auckland,0.992,30.21,4132,1772,855,893,612,53532.12,29161.1,29528.48,19348.23,131569.93,0.3215,0.3358,0.2,10.3,3.25,1989.0,18345.46,4161.29,4213.71,4641.64,31362.1,0.4288,0.3623,0.3784,0.2593
58,Ponsonby Pizza Co #58,Steakhouse,Casual Dining,Devonport,1.0087,33.53,3371,1101,932,549,789,36916.53,34162.07,20162.06,26950.89,118191.55,0.326,0.4106,0.2487,15.1,3.31,2611.59,9723.81,502.18,296.38,4487.27,15009.64,0.3266,0.4106,0.2419,0.3476
59,Rangitoto Roast #59,Indian,QSR,East Auckland,1.0302,32.24,6555,1851,1940,1384,1380,59676.24,69488.01,46482.96,45815.54,221462.75,0.2697,0.2186,0.2658,8.9,2.16,2980.8,30536.33,17087.1,11430.16,20463.01,79516.6,0.2824,0.4124,0.2942,0.2934
60,Volcano Pizza #60,Pizza,QSR,South Auckland,1.0071,29.79,4270,1313,1138,1144,675,39114.27,37883.2,39080.8,20223.81,136302.08,0.3092,0.3799,0.2618,13.6,3.32,2241.0,12160.63,1860.07,1918.87,4046.58,19986.15,0.3075,0.3848,0.3869,0.2283
61,The Brass Fork #61,Seafood,Cafe,Devonport,0.99,29.79,2802,1202,657,533,410,35807.58,21684.46,16722.03,12428.99,86643.06,0.2756,0.3591,0.3256,11.5,2.6,1066.0,13080.51,860.87,663.86,3474.31,18079.55,0.429,0.4106,0.3331,0.2562
62,Rangitoto Roast #62,Bar & Grill,Cafe,Waitakere,1.0047,32.39,3736,1627,1042,628,439,52698.53,37699.09,22664.17,14750.16,127811.95,0.3836,0.414,0.2616,4.4,0.89,390.71,10666.18,-2231.79,-1341.72,2594.72,9687.39,0.4355,0.4941,0.2978,0.2082
63,Urban Burger Bar #63,Pizza,QSR,North Shore,0.9985,33.94,4535,1205,1310,1061,959,40897.7,46556.59,40455.94,35127.45,163037.68,0.3086,0.2462,0.3064,5.6,2.27,2176.93,18207.66,6462.05,5615.28,13461.81,43746.8,0.2657,0.3934,0.3186,0.288
64,Pohutukawa Pub #64,Indian,Cafe,Devonport,0.9999,29.79,3878,1619,1158,588,513,48230.01,37421.76,18871.56,16500.29,121023.62,0.2686,0.3038,0.2794,6.6,3.99,2046.87,20623.15,5545.9,2796.77,5008.65,33974.47,0.4175,0.5126,0.2603,0.2271
65,Nikau Noodle House #65,Cafe/Brunch,Cafe,Devonport,1.0038,34.46,3549,1597,730,694,528,55032.62,27582.7,25050.14,19620.81,127286.27,0.3226,0.2919,0.2787,6.5,0.95,501.6,21215.08,2945.83,2675.35,7062.22,33898.48,0.45,0.374,0.3555,0.2705
66,Ocean & Vine #66,Seafood,Cafe,South Auckland,0.99,35.05,3469,1435,631,465,938,50296.75,22566.01,17024.58,33989.68,123877.02,0.2248,0.3625,0.2549,9.2,2.92,2738.96,20757.47,3560.92,2686.48,11288.58,38293.45,0.4137,0.3102,0.2286,0.4612
67,The Brass Fork #67,Bar & Grill,Cafe,Newmarket,0.99,36.03,4030,1501,1123,750,656,54081.03,45773.3,30571.76,23788.23,154214.32,0.2828,0.3533,0.2782,11.7,4.54,2978.24,19680.09,3922.77,2620.0,5678.3,31901.16,0.3725,0.444,0.2966,0.2594
68,Little Saigon #68,Bar & Grill,Casual Dining,Waitakere,1.0132,39.85,2967,1183,829,568,387,47142.55,36316.2,24590.41,15821.16,123870.32,0.3798,0.3568,0.257,13.9,1.96,758.52,12417.35,232.42,157.38,3408.77,16215.92,0.3987,0.4647,0.3184,0.2169
69,Golden Wok #69,Bakery/Desserts,QSR,South Auckland,1.0042,36.77,3738,1067,1065,716,890,39233.59,40600.66,27162.36,33347.64,140344.25,0.2965,0.2493,0.2851,10.6,2.8,2492.0,17819.9,6865.57,4593.16,12654.5,41933.13,0.2854,0.3987,0.2681,0.3332
70,Fenwick's Bistro #70,Vegan/Plant-Based,Bar/Pub,Auckland CBD,0.99,29.79,1589,731,270,312,276,21776.49,9057.77,10346.73,8231.33,49412.32,0.208,0.2767,0.2729,7.9,1.37,378.12,11221.43,2195.6,2508.05,3863.48,19788.56,0.46,0.3147,0.3636,0.3217
71,Tui Table #71,Indian,Bar/Pub,Waitakere,1.0138,34.89,2366,1225,318,256,567,42740.25,12351.17,9400.96,19933.35,84425.73,0.2481,0.3376,0.2517,3.0,4.59,2602.53,17707.29,2008.3,1528.6,5655.86,26900.05,0.5178,0.2787,0.2244,0.4969
72,Blue Wave Sushi #72,Pizza,Cafe,West Auckland,1.0091,29.79,3402,1288,901,818,395,38369.52,30023.54,27631.89,12193.67,108218.62,0.3236,0.3267,0.3098,9.7,2.71,1070.45,13417.82,1197.94,1102.51,3193.68,18911.95,0.3786,0.4262,0.3869,0.1868
73,The Copper Pan #73,Seafood,Cafe,Devonport,0.9943,31.42,2894,1119,695,479,601,35158.98,23386.57,15956.87,19396.54,93898.96,0.2913,0.3157,0.2928,9.6,2.85,1712.85,13817.48,2343.33,1598.88,5909.99,23669.68,0.3867,0.3915,0.2699,0.3386
74,Spice Route #74,Korean BBQ,Casual Dining,Manukau,0.99,36.0,2448,1093,461,429,465,39348.0,18770.84,16154.97,16981.53,91255.34,0.2948,0.4574,0.2666,10.1,4.29,1994.85,9750.43,-352.89,-303.71,2213.17,11307.0,0.4465,0.3402,0.3166,0.3432
75,Volcano Pizza #75,Bakery/Desserts,Bar/Pub,East Auckland,1.0145,35.42,2577,1026,401,411,739,36340.92,15251.97,15009.37,27674.92,94277.18,0.2394,0.3359,0.2844,16.9,3.53,2608.67,15433.99,2139.85,2105.81,9144.87,28824.52,0.3981,0.2585,0.265,0.4765
76,Fenwick's Bistro #76,Cafe/Brunch,Casual Dining,North Shore,1.0112,44.59,3144,1304,723,598,519,58145.36,35274.35,28971.3,23803.37,146194.38,0.3032,0.4435,0.2775,13.8,1.84,954.96,14728.22,-853.64,-701.11,5074.43,18247.9,0.4148,0.3929,0.325,0.2821
77,Ocean & Vine #77,Cafe/Brunch,Fine Dining,Devonport,1.0327,44.41,964,516,138,142,168,22915.56,6251.66,6801.86,7969.33,43938.41,0.3608,0.4233,0.254,12.2,2.09,351.12,4947.47,-238.19,-259.15,1369.46,5819.59,0.5353,0.308,0.317,0.375
78,Cafe Aroha #78,Burgers,Casual Dining,North Shore,1.0123,39.45,2451,847,587,433,584,33414.15,25561.64,19091.88,23482.95,101550.62,0.3601,0.3922,0.2821,6.1,3.34,1950.56,8276.68,-879.32,-656.76,3866.17,10606.77,0.3456,0.366,0.27,0.3641
79,Silver Fern Diner #79,Sushi,Casual Dining,East Auckland,1.0118,37.19,2269,890,522,493,364,33099.1,21613.91,19808.75,14120.23,88641.99,0.3516,0.3772,0.2614,7.7,2.11,768.04,8976.48,211.82,194.13,3061.37,12443.8,0.3922,0.3785,0.3575,0.264
80,Volcano Pizza #80,Steakhouse,QSR,Ponsonby,1.0095,32.26,5318,1749,1515,1202,852,56422.74,53454.57,41285.21,27890.41,179052.93,0.3137,0.2151,0.2517,9.2,0.89,758.28,26586.4,11733.28,9062.1,12383.68,59765.46,0.3289,0.4245,0.3368,0.2387
81,Hibiscus Grill #81,Steakhouse,Casual Dining,Newmarket,1.0183,38.02,2353,878,595,482,398,33381.56,24534.64,19315.5,15731.55,92963.25,0.2801,0.4514,0.2313,6.8,2.74,1090.52,8962.95,912.69,718.54,3133.4,13727.58,0.3731,0.4034,0.3268,0.2698
82,The Copper Pan #82,Chinese,QSR,Newmarket,1.0214,33.57,5515,2036,1217,1161,1101,68348.52,45973.45,41163.56,37411.39,192896.92,0.2602,0.2932,0.2692,11.3,1.17,1288.17,30524.45,8155.69,7302.42,15419.76,61402.32,0.3692,0.3498,0.3337,0.3165
83,Ponsonby Pizza Co #83,Indian,Casual Dining,Newmarket,1.0248,42.08,2947,943,703,793,508,39681.44,32794.23,38061.86,21652.96,132190.49,0.336,0.4173,0.297,10.7,4.58,2326.64,9789.41,-1649.55,-1914.51,3015.15,9240.5,0.32,0.3508,0.3957,0.2535
84,Kiwi Kitchen Co #84,Mexican,Bar/Pub,Manukau,0.9942,41.77,1618,768,304,346,200,32079.36,13411.07,15051.62,8763.16,69305.21,0.2196,0.3024,0.2592,5.7,2.99,598.0,15333.93,2934.34,3293.29,3590.79,25152.35,0.4747,0.3576,0.4071,0.2353
85,Waterfront Grill #85,Thai,QSR,West Auckland,1.0055,33.08,3663,1329,904,632,798,43963.32,34230.86,24010.41,26954.91,129159.5,0.2932,0.2918,0.35,13.7,1.8,1436.4,18244.78,2225.01,1560.68,9749.89,31780.36,0.3628,0.3873,0.2708,0.3419
86,Gecko Cafe #86,Mexican,Casual Dining,Ponsonby,0.9988,40.06,2149,735,446,490,478,29444.1,19866.85,20856.23,19412.73,89579.91,0.3291,0.3367,0.3066,9.9,2.03,970.34,9840.22,548.33,575.63,5517.39,16481.57,0.342,0.3154,0.3465,0.338
87,Golden Wok #87,Bakery/Desserts,QSR,Ponsonby,1.0239,29.79,6584,2169,2014,1365,1036,64614.51,68902.55,41943.87,33158.03,208618.96,0.2659,0.3618,0.3191,3.4,0.89,922.04,24055.98,3665.62,2231.41,11422.69,41375.7,0.3294,0.4562,0.3092,0.2347
88,Ocean & Vine #88,Indian,Casual Dining,Newmarket,1.0285,37.69,2909,1063,520,443,883,40064.47,22465.4,17570.4,33394.76,113495.03,0.2893,0.3956,0.3039,9.3,1.59,1403.97,12624.31,251.61,196.79,9118.72,22191.43,0.3654,0.2817,0.24,0.4783
89,Tui Table #89,Cafe/Brunch,QSR,Waitakere,1.0051,35.29,4198,1435,1142,969,652,50641.15,45921.51,35139.61,24049.36,155751.63,0.2972,0.3184,0.3356,10.5,3.92,2555.84,19466.46,2240.97,1714.81,6688.73,30110.97,0.3418,0.4133,0.3507,0.236
90,Kiwi Kitchen Co #90,Bakery/Desserts,Bar/Pub,North Shore,0.9956,39.03,2703,1231,494,564,414,48045.93,21559.78,24713.99,16867.15,111186.85,0.2751,0.4079,0.2564,12.9,5.25,2173.5,15230.56,1306.52,1497.67,3173.39,21208.14,0.4554,0.3356,0.3832,0.2812
91,The Copper Pan #91,Seafood,QSR,Manukau,1.0167,32.74,5192,1642,1114,1340,1096,53759.08,40091.36,47672.28,36602.45,178125.17,0.3318,0.3578,0.2032,8.3,3.6,3945.6,16686.82,4297.79,5110.47,7415.8,33510.88,0.3163,0.3138,0.3775,0.3087
92,Kiwi Kitchen Co #92,Indian,Food Truck,East Auckland,1.0063,33.1,1488,503,374,231,380,16649.3,12904.07,8133.98,13033.6,50720.95,0.3082,0.2883,0.2666,12.4,2.7,1026.0,6717.99,1766.57,1113.54,4233.06,13831.16,0.338,0.3797,0.2345,0.3858
93,Manuka Street Food #93,Seafood,Fine Dining,Ponsonby,1.0113,46.72,1148,631,159,184,174,29480.32,8101.77,9508.28,8186.34,55276.71,0.3522,0.3789,0.2967,10.2,2.32,403.68,7927.26,-225.23,-264.33,1797.63,9235.33,0.5497,0.3075,0.3559,0.3366
94,Little Saigon #94,Italian,Casual Dining,South Auckland,0.99,42.2,1894,695,499,401,299,29329.0,23574.18,18647.99,13345.87,84897.04,0.2976,0.3452,0.2845,4.9,1.75,523.25,10476.32,1713.84,1355.71,4243.89,17789.76,0.3669,0.4162,0.3344,0.2494
95,Westfield Wok #95,Korean BBQ,Fine Dining,South Auckland,0.99,46.01,739,391,157,82,109,17989.91,7857.16,4309.25,5104.04,35260.36,0.3179,0.3998,0.2883,4.5,5.07,552.63,5078.55,-47.14,-25.86,888.24,5893.79,0.5291,0.4511,0.2356,0.3132
96,Kowhai Kitchen #96,Cafe/Brunch,Fine Dining,Auckland CBD,0.99,43.76,937,534,152,126,125,23367.84,7535.31,6313.06,5554.63,42770.84,0.3347,0.4864,0.3196,13.4,2.59,323.75,4180.51,-1060.22,-888.25,669.97,2902.01,0.5699,0.3772,0.3127,0.3102
97,Southern Smoke BBQ #97,Bakery/Desserts,Bar/Pub,Ponsonby,0.99,37.18,1780,813,288,285,394,30227.34,11074.64,11745.88,15017.93,68065.79,0.2723,0.3485,0.2915,13.7,5.13,2021.22,11462.21,971.25,1030.11,3673.58,17137.15,0.4567,0.2978,0.2947,0.4074
98,Volcano Pizza #98,Bakery/Desserts,QSR,Devonport,0.9975,29.79,5746,1929,1599,1275,943,57464.91,50945.85,42780.02,30119.92,181310.7,0.3101,0.2305,0.304,10.6,4.33,4083.19,26399.38,7916.99,6648.02,9753.9,50718.29,0.3357,0.4189,0.334,0.2471
99,Arataki Eatery #99,Sushi,Casual Dining,Auckland CBD,0.9923,39.34,2137,740,449,372,576,29111.6,19178.77,16434.74,24103.66,88828.77,0.257,0.3706,0.2518,14.7,0.89,512.64,10841.16,2312.96,1982.03,8463.56,23599.71,0.3463,0.3214,0.2663,0.4123
100,Ponsonby Pizza Co #100,Sushi,QSR,East Auckland,1.009,29.79,3985,1198,994,950,843,35688.42,31867.71,30674.05,27015.31,125245.49,0.2764,0.2253,0.2471,13.2,2.07,1745.01,17783.54,8005.17,7705.32,11716.72,45210.75,0.3006,0.3567,0.3409,0.3025
101,Kiwi Kitchen Co #101,Italian,Casual Dining,East Auckland,1.0227,31.97,2192,733,516,474,469,23434.01,17059.32,16844.63,15775.97,73113.93,0.3561,0.3773,0.3284,11.9,2.06,966.14,6247.51,-1054.27,-1041.0,3239.73,7391.97,0.3344,0.3537,0.3249,0.3215
102,Blue Wave Sushi #102,Burgers,QSR,East Auckland,1.0083,33.58,5000,1408,1583,1234,775,47280.64,55281.23,42688.05,27404.68,172654.6,0.3024,0.2172,0.283,6.3,2.71,2100.25,22713.62,10912.51,8426.62,11064.96,53117.71,0.2816,0.4407,0.3435,0.2158
103,Kiwi Kitchen Co #103,Indian,Casual Dining,Newmarket,0.9905,39.67,2075,705,460,467,443,27967.35,20600.22,20722.0,18248.69,87538.26,0.2775,0.4064,0.2613,15.6,2.73,1209.39,8840.48,1128.89,1135.57,4559.02,15663.96,0.3398,0.3358,0.3409,0.3234
104,The Grill House #104,Thai,Casual Dining,North Shore,1.0051,33.93,2041,794,684,297,266,26940.42,25133.7,11538.79,9678.95,73291.86,0.3907,0.3989,0.2614,11.4,5.31,1412.46,5668.26,-1281.82,-588.48,623.99,4421.95,0.389,0.5485,0.2382,0.2133
105,Tui Table #105,Bakery/Desserts,Cafe,South Auckland,1.0207,29.79,4221,1712,1213,829,467,51000.48,37086.85,25462.64,14480.51,128030.48,0.2791,0.4454,0.2605,8.1,1.62,756.54,14050.63,556.3,381.94,3232.84,18221.71,0.4056,0.4835,0.3304,0.1861
106,Tui Table #106,Bakery/Desserts,Casual Dining,North Shore,0.9914,42.8,2300,888,534,475,403,38006.4,23361.3,22946.37,17738.34,102052.41,0.3315,0.4224,0.2587,7.2,3.05,1229.15,9353.38,-294.35,-289.12,3136.26,11906.17,0.3861,0.3782,0.3364,0.2854
107,Tui Table #107,Sushi,Fine Dining,West Auckland,0.99,43.31,817,440,156,97,124,19056.4,7307.35,4794.63,5645.57,36803.95,0.362,0.4289,0.2415,10.4,3.48,431.52,3984.69,-236.76,-155.35,748.97,4341.55,0.5386,0.4138,0.2573,0.3289
108,Arataki Eatery #108,Korean BBQ,Fine Dining,Newmarket,1.0054,47.23,663,376,133,70,84,17758.48,6541.45,3469.44,4140.66,31910.03,0.339,0.4909,0.235,3.7,2.8,235.2,3020.72,-424.54,-225.17,469.13,2840.14,0.5671,0.4634,0.2439,0.2927
109,Fenwick's Bistro #109,Pizza,Cafe,Newmarket,1.0017,30.99,3114,1300,751,656,407,40287.0,25872.36,22123.01,12738.07,101020.44,0.2582,0.2801,0.2741,11.9,2.92,1188.44,18600.51,4853.65,4150.28,4692.73,32297.17,0.4175,0.414,0.3616,0.2244
110,Gecko Cafe #110,Vegan/Plant-Based,Casual Dining,Auckland CBD,1.0157,39.43,2268,803,699,463,303,31662.29,30962.45,20823.29,12322.65,95770.68,0.3837,0.3319,0.2622,6.2,1.65,499.95,9004.76,687.37,462.28,3004.61,13159.02,0.3541,0.4771,0.316,0.2068
111,Kowhai Kitchen #111,Mexican,Bar/Pub,Waitakere,1.0018,41.66,2350,1004,490,357,499,41826.64,21427.51,17026.61,21309.42,101590.18,0.2901,0.3567,0.3132,10.8,2.92,1457.08,14773.17,857.1,681.06,6069.41,22380.74,0.4272,0.364,0.2652,0.3707
112,Tui Table #112,Korean BBQ,QSR,West Auckland,1.0225,32.46,4377,1205,1405,837,930,39114.3,50029.34,28164.08,32232.92,149540.64,0.3247,0.2,0.2888,7.7,3.36,3124.8,18591.03,9330.47,5252.6,12195.51,45369.61,0.2753,0.4429,0.2639,0.2932
113,Silver Fern Diner #113,Cafe/Brunch,QSR,North Shore,0.9965,29.79,6389,1690,1805,1680,1214,50345.1,55925.97,53318.81,37261.13,196851.01,0.3173,0.2981,0.288,8.6,3.16,3836.24,19362.73,5402.45,5150.6,10494.39,40410.17,0.2645,0.3841,0.3575,0.2584
114,The Copper Pan #114,Korean BBQ,QSR,West Auckland,1.0118,31.62,6618,2377,1304,1558,1379,75160.74,43684.4,54720.38,46469.83,220035.35,0.2699,0.249,0.2577,6.9,3.43,4729.97,36159.83,9759.09,12224.53,17626.67,75770.12,0.3592,0.3075,0.3674,0.3252
115,Karaka Kebabs #115,Pizza,Casual Dining,North Shore,1.0028,37.88,1981,778,339,440,424,29470.64,14581.88,17480.6,16629.54,78162.66,0.3583,0.3851,0.2764,8.9,4.35,1844.4,7562.17,-288.72,-346.12,2422.74,9350.07,0.3927,0.2818,0.3658,0.3525
116,Mango Tree Thai #116,Italian,Cafe,East Auckland,0.99,29.79,2573,1120,451,434,568,33364.8,14654.31,13733.3,17940.7,79693.11,0.2547,0.2961,0.2908,16.1,3.83,2175.44,14987.47,2321.24,2175.35,5883.52,25367.58,0.4353,0.3104,0.2987,0.3909
117,Harbor Bites #117,Italian,Fine Dining,Newmarket,0.99,44.1,685,384,101,98,102,16934.4,5056.14,4421.32,4546.88,30958.74,0.3585,0.4712,0.3015,14.3,2.88,293.76,2883.93,-663.37,-580.08,480.57,2121.05,0.5606,0.3355,0.3256,0.3389
118,Ponsonby Pizza Co #118,Indian,Casual Dining,Manukau,1.0163,35.4,2832,962,636,565,669,34054.8,23623.96,20800.2,25434.45,103913.41,0.2708,0.381,0.2772,10.7,1.51,1010.19,11857.88,1677.3,1476.81,7846.09,22858.08,0.3397,0.3401,0.3021,0.3578
119,Southern Smoke BBQ #119,Burgers,Cafe,Devonport,0.9997,34.24,2628,1148,598,317,565,39307.52,21763.5,11864.63,20089.34,93024.99,0.2188,0.42,0.3124,9.4,2.14,1209.1,14197.88,1062.06,578.99,6047.17,21886.1,0.4368,0.4041,0.2142,0.3818
120,Spice Route #120,Vegan/Plant-Based,Bar/Pub,East Auckland,0.99,36.12,2638,1269,541,438,390,45836.28,21128.11,17480.16,14379.58,98824.13,0.2695,0.3403,0.2802,12.5,2.56,998.4,17885.32,2324.09,1922.82,4612.51,26744.74,0.481,0.3952,0.3199,0.2849
121,The Copper Pan #121,Chinese,Fine Dining,Auckland CBD,0.9956,44.01,1033,556,128,218,131,24469.56,6097.52,10595.41,5876.69,47039.18,0.3257,0.4116,0.3038,13.5,3.08,403.48,6428.15,-250.61,-435.47,1140.33,6882.4,0.5382,0.2683,0.457,0.2746
122,Volcano Pizza #122,Seafood,QSR,Auckland CBD,1.0289,31.63,6377,2561,1303,1098,1415,81004.43,47383.37,38938.53,45705.56,213031.89,0.2403,0.2877,0.2653,6.6,2.27,3212.05,38234.09,9794.14,8048.59,18360.97,74437.79,0.4016,0.3415,0.2877,0.3708
123,Arataki Eatery #123,Thai,Cafe,West Auckland,0.99,31.78,3419,1302,700,518,899,41377.56,23021.89,17680.01,29408.41,111487.87,0.2962,0.2828,0.2256,9.2,1.77,1591.23,17419.95,4498.48,3454.67,10789.71,36162.81,0.3808,0.3307,0.2447,0.4247
124,Fenwick's Bistro #124,Chinese,Cafe,West Auckland,0.99,33.16,4369,1968,1138,519,744,65258.88,42670.28,18166.12,26087.2,152182.48,0.3436,0.3703,0.2881,3.1,1.49,1108.56,18670.57,-85.34,-36.33,6354.99,24903.89,0.4504,0.474,0.2162,0.3099
125,Manuka Street Food #125,Korean BBQ,QSR,Ponsonby,0.9982,29.79,3771,1073,1170,891,637,31964.67,39464.78,27127.51,20417.82,118974.78,0.3417,0.3295,0.3018,13.4,0.98,624.26,10509.98,1065.55,732.44,6089.12,18397.09,0.2845,0.4337,0.3302,0.2361
126,Silver Fern Diner #126,Pizza,QSR,Ponsonby,1.0339,29.79,5058,1294,1275,1307,1182,38548.26,41473.42,40760.12,37096.42,157878.22,0.2923,0.4235,0.2973,16.7,2.54,3002.28,10955.42,-543.3,-533.96,7540.52,17418.68,0.2558,0.3387,0.3472,0.314
127,Golden Wok #127,Vegan/Plant-Based,Bar/Pub,Ponsonby,1.0062,39.87,1980,835,568,387,190,33291.45,24111.93,16364.89,7906.9,81675.17,0.2603,0.3089,0.2927,9.8,1.18,224.2,14341.96,3329.86,2259.99,3182.09,23113.9,0.4217,0.4961,0.338,0.1659
128,Rangitoto Roast #128,Vegan/Plant-Based,Cafe,Waitakere,1.0165,29.79,4386,1739,985,808,854,51804.81,31910.66,25109.36,26353.67,135178.5,0.3066,0.3366,0.2695,3.0,1.7,1451.8,18483.96,2785.8,2192.05,7951.19,31413.0,0.3965,0.3721,0.3053,0.3226
129,Mango Tree Thai #129,Chinese,Cafe,Manukau,0.99,29.79,3521,1549,760,501,711,46144.71,23954.01,15262.37,22584.03,107945.12,0.3137,0.3212,0.2558,11.6,2.37,1685.07,16847.43,2618.17,1668.18,6560.36,27694.14,0.4399,0.3854,0.2541,0.3605
130,Arataki Eatery #130,Cafe/Brunch,Casual Dining,Waitakere,0.99,39.55,3047,1022,1065,492,468,40420.1,47338.84,20246.05,19767.53,127772.52,0.3097,0.3906,0.2966,6.3,1.33,622.44,12113.9,146.75,62.76,5301.89,17625.3,0.3354,0.5259,0.243,0.2311
131,Silver Fern Diner #131,Burgers,Casual Dining,East Auckland,1.0127,39.62,2112,755,506,435,416,29913.1,21747.29,19071.8,16868.31,87600.5,0.321,0.3991,0.2928,7.2,3.22,1339.52,8372.68,-280.54,-246.03,3381.92,11228.03,0.3575,0.3729,0.3206,0.3066
132,Silver Fern Diner #132,Bakery/Desserts,Bar/Pub,Waitakere,1.0029,30.64,2840,1418,546,635,241,43447.52,19077.58,21437.96,7947.46,91910.52,0.269,0.3373,0.2632,11.7,3.61,870.01,17105.29,2489.62,2797.65,2258.91,24651.47,0.4993,0.384,0.4466,0.1695
133,Golden Wok #133,Bakery/Desserts,Fine Dining,Devonport,1.0052,45.8,904,478,102,209,115,21892.4,5143.2,10928.0,5433.49,43397.09,0.3666,0.5043,0.3133,10.4,2.2,253.0,2826.31,-947.38,-2012.94,448.46,314.45,0.5288,0.2394,0.4906,0.27
134,Silver Fern Diner #134,Cafe/Brunch,Cafe,Devonport,1.0022,33.57,3394,1504,528,845,517,50489.28,19264.58,31877.36,18466.56,120097.78,0.276,0.3192,0.2535,7.8,2.32,1199.44,20438.06,2914.73,4823.04,6275.82,34451.65,0.4431,0.2794,0.4471,0.2735
135,Tui Table #135,Burgers,Cafe,Waitakere,1.0092,32.31,4401,2345,936,596,524,75766.95,33642.56,21063.2,18239.93,148712.64,0.2764,0.3993,0.2625,7.2,3.39,1776.36,24571.22,2079.11,1301.71,4138.85,32090.89,0.5328,0.4553,0.2899,0.2549
136,Ocean & Vine #136,Pizza,Food Truck,Auckland CBD,1.0124,32.21,1410,548,258,333,271,17651.08,9020.79,11132.25,9220.28,47024.4,0.3314,0.2769,0.3291,9.9,2.01,544.71,6913.93,564.7,696.88,3066.87,11242.38,0.3887,0.2993,0.3863,0.3144
137,Waterfront Grill #137,Pizza,Casual Dining,Devonport,1.0177,33.09,2483,821,652,467,543,27166.89,24543.05,16895.25,18200.09,86805.28,0.3563,0.3794,0.3061,8.1,1.94,1053.42,7180.21,-1025.9,-706.22,3756.86,9204.95,0.3306,0.3923,0.281,0.3267
138,The Grill House #138,Mexican,Food Truck,South Auckland,1.0221,31.16,1611,600,378,269,364,18696.0,12296.47,8616.8,11874.09,51483.36,0.3043,0.2343,0.2693,5.6,4.12,1499.68,8626.33,2362.15,1655.29,3979.03,16622.8,0.3724,0.3739,0.2661,0.36
139,Urban Burger Bar #139,Korean BBQ,QSR,Devonport,0.99,30.94,3999,1088,1011,1096,804,33662.72,35864.01,36487.93,25112.13,131126.79,0.3516,0.4213,0.2886,8.3,3.77,3031.08,7644.8,-2205.64,-2244.01,2671.88,5867.03,0.2721,0.3473,0.3765,0.2762
140,The Copper Pan #140,Sushi,Bar/Pub,Manukau,0.99,34.31,1944,857,458,319,310,29403.67,17687.42,11719.06,11307.57,70117.72,0.2484,0.2991,0.2846,10.7,3.46,1072.6,13305.16,2969.72,1967.63,4044.08,22286.59,0.4408,0.4213,0.2935,0.2852
141,Pohutukawa Pub #141,Vegan/Plant-Based,Casual Dining,Ponsonby,1.021,41.05,2166,717,359,503,587,29432.85,16680.68,22209.48,24638.64,92961.65,0.3687,0.3949,0.2,8.9,3.82,2242.34,6957.93,607.18,808.43,3582.23,11955.77,0.331,0.2478,0.3471,0.4051
142,Cafe Aroha #142,Sushi,QSR,South Auckland,1.0298,37.18,4080,1229,1012,894,945,45694.22,40740.78,35112.84,37089.22,158637.06,0.3163,0.2625,0.2528,4.6,0.89,841.05,19246.41,6860.75,5913.0,14780.93,46801.09,0.3012,0.355,0.3136,0.3315
143,Kowhai Kitchen #143,Chinese,Casual Dining,Newmarket,0.9907,44.28,3142,1106,738,657,641,48973.68,36888.83,32267.58,30450.0,148580.09,0.4,0.4693,0.2785,13.0,4.29,2749.89,6400.86,-5452.17,-4769.15,1229.93,-2590.53,0.352,0.3625,0.3227,0.3148
144,Nikau Noodle House #144,Steakhouse,Casual Dining,Ponsonby,0.99,42.6,2712,962,549,596,605,40981.2,24787.85,28673.05,26146.21,120588.31,0.2842,0.4243,0.2693,3.0,3.23,1954.15,11946.02,550.29,636.54,5667.47,18800.32,0.3547,0.3137,0.3406,0.3457
145,Pohutukawa Pub #145,Bar & Grill,QSR,South Auckland,1.0135,31.62,4823,1567,1427,1131,698,49548.54,50493.63,40050.37,22764.41,162856.95,0.2793,0.2661,0.2874,7.9,3.91,2729.18,22524.77,8442.53,6696.42,7619.52,45283.24,0.3249,0.4383,0.3474,0.2144
146,Manuka Street Food #146,Korean BBQ,Cafe,East Auckland,1.019,32.23,3275,1406,706,594,569,45315.38,23624.93,21089.86,19288.26,109318.43,0.2926,0.3756,0.3139,7.3,3.23,1837.87,15035.64,422.89,377.51,4561.97,20398.01,0.4293,0.3777,0.3178,0.3044
147,Harbor Bites #147,Burgers,Fine Dining,Manukau,1.024,47.23,884,465,120,191,108,21961.95,6007.18,9832.68,5272.09,43073.9,0.3619,0.4629,0.2704,10.0,2.85,307.8,3847.73,-571.88,-936.07,615.87,2955.65,0.526,0.2864,0.4558,0.2578
148,Southern Smoke BBQ #148,Sushi,QSR,Devonport,1.0197,32.42,5726,1885,1661,1250,930,61111.7,58046.94,41499.26,30572.27,191230.17,0.3585,0.2742,0.2483,11.5,2.5,2325.0,22446.33,6907.59,4938.41,8904.19,43196.52,0.3292,0.4324,0.3254,0.2421
149,Kiwi Kitchen Co #149,Indian,Cafe,Waitakere,0.9994,31.46,4268,1729,731,994,814,54394.34,24420.83,34835.58,25668.0,139318.75,0.2599,0.3879,0.2897,13.4,3.2,2604.8,19157.69,1526.3,2177.22,6435.47,29296.68,0.4051,0.2879,0.3915,0.3206
150,Harbor Bites #150,Indian,Cafe,Ponsonby,0.9916,33.88,4247,1823,759,1033,632,61763.24,27522.99,38177.53,22108.65,149572.41,0.3071,0.3695,0.2702,7.0,2.46,1554.72,19974.23,1464.22,2031.04,5595.22,29064.71,0.4292,0.3131,0.4262,0.2607
151,Manuka Street Food #151,Bakery/Desserts,Cafe,South Auckland,1.0052,30.79,3195,1398,511,593,693,43044.42,17725.79,19266.27,22445.67,102482.15,0.3149,0.3608,0.2753,11.6,3.75,2598.75,13959.31,868.56,944.05,4680.38,20452.3,0.4376,0.2844,0.33,0.3856
152,Kowhai Kitchen #152,Vegan/Plant-Based,Bar/Pub,Manukau,0.9975,33.45,1970,970,364,445,191,32446.5,12825.6,15817.36,6682.32,67771.78,0.2811,0.3379,0.2712,10.2,1.05,200.55,12362.12,1408.25,1736.75,2345.41,17852.53,0.4924,0.364,0.445,0.191
153,The Brass Fork #153,Indian,Fine Dining,East Auckland,0.99,43.55,865,476,140,135,114,20729.8,6809.66,6711.92,5026.76,39278.14,0.3212,0.4716,0.3473,3.5,2.2,250.8,4295.21,-954.03,-940.34,790.74,3191.58,0.5503,0.3599,0.347,0.2931
154,Kowhai Kitchen #154,Bakery/Desserts,QSR,Newmarket,1.0427,34.22,5643,1715,1242,1514,1172,58687.3,43758.54,57050.45,41551.88,201048.17,0.3422,0.3115,0.2128,16.2,5.05,5918.6,20323.41,5841.77,7616.24,8470.82,42252.24,0.3039,0.3162,0.3854,0.2984
155,The Copper Pan #155,Italian,Food Truck,South Auckland,1.0368,30.01,1520,580,342,322,276,17405.8,11490.37,10454.33,8527.58,47878.08,0.3269,0.253,0.2683,4.5,2.11,582.36,7312.18,1744.24,1586.97,3000.08,13643.47,0.3816,0.3638,0.3426,0.2936
156,Arataki Eatery #156,Italian,Bar/Pub,Manukau,1.019,37.19,2455,1289,509,333,324,47937.91,21257.36,13631.61,12313.88,95140.76,0.278,0.3079,0.2799,11.0,2.54,822.96,19851.09,2852.74,1829.36,4276.22,28809.41,0.5251,0.4365,0.2856,0.2779
157,Spice Route #157,Thai,QSR,North Shore,0.9982,34.35,5360,1773,1640,1176,771,60902.55,60402.49,43376.25,28028.96,192710.25,0.3061,0.3847,0.2566,10.9,1.83,1410.93,18831.07,3177.17,2281.59,7255.62,31545.45,0.3308,0.4572,0.3279,0.2149
158,Silver Fern Diner #158,Sushi,Bar/Pub,Ponsonby,1.0148,34.69,1992,916,331,467,278,31776.04,12790.49,17514.45,9882.72,71963.7,0.2668,0.2875,0.307,10.5,3.17,881.26,14162.58,1774.04,2429.25,3523.47,21889.34,0.4598,0.3076,0.434,0.2584
159,Karaka Kebabs #159,Bakery/Desserts,QSR,South Auckland,1.0216,34.65,4821,1310,1391,1389,731,45391.5,54896.15,50907.82,26423.66,177619.13,0.2976,0.3214,0.3044,7.8,1.99,1454.69,17294.16,4205.05,3899.54,8612.72,34011.47,0.2717,0.3962,0.3956,0.2082
160,Tui Table #160,Burgers,Food Truck,South Auckland,1.0166,31.33,1414,554,281,335,244,17356.82,9896.21,11305.61,8209.13,46767.77,0.3092,0.234,0.2786,12.4,2.6,634.4,7928.6,1763.5,2014.66,3115.53,14822.29,0.3918,0.3267,0.3895,0.2837
161,Pohutukawa Pub #161,Sushi,Casual Dining,Manukau,1.0247,33.68,2016,669,461,528,358,22531.92,16625.1,19723.65,12577.62,71458.29,0.3209,0.468,0.2719,4.0,3.73,1335.34,4756.49,-1010.81,-1199.2,1319.8,3866.28,0.3318,0.3422,0.392,0.2658
162,Arataki Eatery #162,Cafe/Brunch,Casual Dining,East Auckland,1.0155,43.05,2111,767,524,393,427,33019.35,24429.35,17344.87,19289.74,94083.31,0.2945,0.3348,0.2766,9.3,2.03,866.81,12240.27,2298.8,1632.15,6283.9,22455.12,0.3633,0.3899,0.2924,0.3177
163,Nikau Noodle House #163,Indian,QSR,Ponsonby,1.0231,30.25,6032,1719,2359,1020,934,51999.75,80016.86,34661.07,28419.06,195096.74,0.2685,0.2632,0.2769,7.5,3.67,3427.78,24351.48,15315.23,6634.13,9880.87,56181.71,0.285,0.547,0.2365,0.2166
164,Nikau Noodle House #164,Pizza,Bar/Pub,Manukau,1.0116,30.21,2077,939,385,471,282,28367.19,12305.87,15036.93,8640.63,64350.62,0.2374,0.2915,0.2776,7.1,3.7,1043.4,13363.78,2381.19,2909.65,3027.2,21681.82,0.4521,0.3383,0.4139,0.2478
165,Nikau Noodle House #165,Burgers,QSR,Manukau,1.0171,29.79,4383,1201,1312,1066,804,35777.79,43950.68,35209.07,24144.59,139082.13,0.3067,0.3162,0.2744,11.0,3.96,3183.84,13491.8,4513.73,3615.97,5921.08,27542.58,0.274,0.4123,0.335,0.2527
166,Kiwi Kitchen Co #166,Bar & Grill,QSR,North Shore,0.99,29.79,5342,1815,1385,1170,972,54068.85,43844.0,38463.61,30727.55,167104.01,0.2992,0.2313,0.2876,13.3,2.95,2867.4,25385.33,7975.22,6996.53,11559.18,51916.26,0.3398,0.3927,0.3317,0.2756
167,Ocean & Vine #167,Bakery/Desserts,QSR,Auckland CBD,1.0133,32.18,6077,2024,1586,1260,1207,65132.32,57405.87,44797.79,41438.72,208774.7,0.3065,0.2761,0.3026,8.3,5.31,6409.17,27186.23,6590.19,5142.79,10887.35,49806.56,0.3331,0.3913,0.3109,0.2978
168,Blue Wave Sushi #168,Pizza,Fine Dining,South Auckland,0.99,44.04,761,441,89,105,126,19421.64,4042.18,5082.26,5631.81,34177.89,0.365,0.3424,0.2431,12.2,3.96,498.96,5682.77,200.09,251.57,1148.91,7283.34,0.5795,0.2781,0.3281,0.3938
169,Urban Burger Bar #169,Indian,QSR,Newmarket,0.9928,30.82,6175,2243,1728,1257,947,69129.26,54629.48,44345.88,29698.52,197803.14,0.2812,0.312,0.2485,9.7,3.16,2992.52,28121.78,8647.85,7019.95,9088.84,52878.42,0.3632,0.4395,0.3197,0.2408
170,The Grill House #170,Italian,Bar/Pub,Newmarket,1.0272,38.17,2840,1512,593,305,430,57713.04,26023.19,12644.04,16837.49,113217.76,0.304,0.315,0.2275,6.4,1.84,791.2,21988.67,3994.56,1940.86,5623.88,33547.97,0.5324,0.4465,0.2297,0.3238
171,Spice Route #171,Korean BBQ,Casual Dining,Waitakere,1.0319,39.19,2840,1142,543,597,558,44754.98,24111.06,26091.73,22902.08,117859.85,0.312,0.3056,0.306,8.6,2.69,1501.02,17114.3,1842.08,1993.41,7256.74,28206.53,0.4021,0.3198,0.3516,0.3286
172,Golden Wok #172,Bar & Grill,QSR,Waitakere,1.0324,33.11,5913,1586,1923,1389,1015,52512.46,72251.42,51127.24,35278.37,211169.49,0.287,0.3543,0.2875,8.5,4.37,4435.55,18836.22,5144.3,3640.26,8218.8,35839.58,0.2682,0.4444,0.321,0.2346
173,Tui Table #173,Vegan/Plant-Based,QSR,South Auckland,1.0158,33.43,3864,1316,951,806,791,43993.88,36359.36,28311.07,27895.92,136560.23,0.3145,0.2346,0.2952,7.1,4.68,3701.88,19836.84,5661.15,4408.03,8876.39,38782.41,0.3406,0.3732,0.3163,0.3104
174,Gecko Cafe #174,Steakhouse,QSR,North Shore,1.0323,34.16,6803,1910,1661,1876,1356,65245.6,61107.65,67726.05,49675.31,243754.61,0.2449,0.3398,0.2371,11.0,4.43,6007.08,27096.5,10889.38,12068.78,14623.08,64677.74,0.2808,0.3395,0.3834,0.2771
175,Volcano Pizza #175,Thai,Casual Dining,Auckland CBD,1.0062,30.62,2447,760,693,456,538,23271.2,22435.31,15011.63,16862.39,77580.53,0.2963,0.3449,0.3335,10.3,3.66,1969.08,8349.71,567.61,379.79,4081.15,13378.26,0.3106,0.4108,0.2703,0.3189
176,The Copper Pan #176,Sushi,Fine Dining,South Auckland,1.0,43.72,1129,613,199,126,191,26800.36,9021.35,5817.76,8790.6,50430.07,0.3794,0.5301,0.2617,3.9,1.42,271.22,2425.43,-1544.46,-996.0,524.33,409.3,0.543,0.3857,0.2442,0.3702
177,Gecko Cafe #177,Mexican,QSR,South Auckland,0.9956,29.79,5422,1898,1160,1480,884,56541.42,37499.13,47073.01,27513.56,168627.12,0.2479,0.3375,0.285,3.7,3.34,2952.56,23442.07,4859.89,6100.66,8454.56,42857.18,0.3501,0.3292,0.42,0.2509
178,Ponsonby Pizza Co #178,Mexican,Bar/Pub,North Shore,1.008,36.13,1558,780,323,274,181,28181.4,12237.22,10600.76,6699.53,57718.91,0.2935,0.2896,0.3056,11.0,1.43,258.83,11748.83,1362.0,1179.86,2534.2,16824.89,0.5006,0.4152,0.3522,0.2326
179,The Brass Fork #179,Burgers,QSR,West Auckland,1.0129,31.98,3809,1621,901,705,582,51839.58,32894.66,24766.73,19963.49,129464.46,0.3453,0.2541,0.2504,6.6,1.16,675.12,20766.94,4940.78,3719.96,7322.25,36749.93,0.4256,0.4118,0.3222,0.266
180,Karaka Kebabs #180,Bar & Grill,Fine Dining,Auckland CBD,0.99,47.23,987,582,153,136,116,27487.86,7374.47,6735.36,5520.53,47118.22,0.3389,0.4803,0.2636,10.6,3.06,354.96,4969.81,-610.61,-557.69,643.15,4444.66,0.5897,0.3778,0.3358,0.2864
181,Hibiscus Grill #181,Pizza,Bar/Pub,Waitakere,1.0012,40.16,2286,1043,431,495,317,41886.88,17977.36,22355.31,13455.86,95675.41,0.2688,0.3269,0.2854,12.2,3.38,1071.46,16934.87,2137.51,2658.05,4368.74,26099.17,0.4563,0.3467,0.3982,0.255
182,Ponsonby Pizza Co #182,Vegan/Plant-Based,Fine Dining,Newmarket,0.9958,45.71,642,338,135,73,96,15449.98,6491.99,3593.36,4643.68,30179.01,0.3836,0.4415,0.35,5.1,3.79,363.84,2702.2,-1136.75,-629.2,448.34,1384.59,0.5265,0.4441,0.2401,0.3158
183,Fenwick's Bistro #183,Mexican,Casual Dining,Waitakere,1.033,36.25,3078,1019,659,743,657,36938.75,24984.39,29945.26,25560.22,117428.62,0.306,0.4436,0.289,4.6,3.35,2200.95,9249.46,-964.4,-1155.89,4199.33,11328.5,0.3311,0.3201,0.3609,0.3191
184,Volcano Pizza #184,Pizza,Bar/Pub,East Auckland,1.0154,37.7,2706,1157,608,550,391,43618.9,24052.81,21369.23,15352.24,104393.18,0.286,0.3026,0.3282,15.4,3.38,1321.58,17944.82,2001.19,1777.92,4994.33,26718.26,0.4276,0.3925,0.3551,0.2524
185,Fenwick's Bistro #185,Thai,QSR,East Auckland,1.0122,30.15,5252,1319,1211,1400,1322,39767.85,40355.82,45633.04,40883.85,166640.56,0.2799,0.3046,0.3162,10.7,1.72,2273.84,16523.54,4007.33,4531.36,14713.4,39775.63,0.2511,0.3079,0.356,0.3361
186,The Copper Pan #186,Pizza,QSR,South Auckland,1.0157,32.0,5173,1817,1186,1158,1012,58144.0,40326.91,37933.06,34528.44,170932.41,0.2857,0.3477,0.291,8.0,2.68,2712.16,21315.59,3048.71,2867.74,9945.97,37178.01,0.3512,0.3534,0.3451,0.3015
187,Ponsonby Pizza Co #187,Steakhouse,QSR,North Shore,1.0127,35.45,3703,1115,1124,927,537,39526.75,43828.51,36406.93,20210.54,139972.73,0.276,0.3405,0.2503,6.2,1.14,612.18,15158.51,5837.96,4849.4,7138.56,32984.43,0.3011,0.4343,0.3582,0.2075
188,Little Saigon #188,Korean BBQ,Casual Dining,Manukau,1.003,36.05,3056,1009,758,747,542,36374.45,31034.94,28671.2,20321.16,116401.75,0.3303,0.372,0.3118,7.7,0.89,482.38,10828.67,-437.59,-404.26,5567.23,15554.05,0.3302,0.3703,0.3649,0.2648
189,Southern Smoke BBQ #189,Pizza,Casual Dining,Manukau,0.99,40.82,2313,973,507,378,455,39717.86,22730.8,17642.66,19714.02,99805.34,0.3547,0.3656,0.2351,5.3,3.61,1642.55,11109.09,1013.79,786.86,3871.46,16781.2,0.4207,0.3784,0.2821,0.3396
190,Ocean & Vine #190,Chinese,Casual Dining,Auckland CBD,1.0037,40.37,3203,1437,533,697,536,58011.69,23890.33,29886.27,22102.03,133890.32,0.3145,0.2931,0.328,12.6,1.97,1055.92,22763.79,1538.54,1924.68,7616.92,33843.93,0.4486,0.3018,0.3947,0.3035
191,Volcano Pizza #191,Bakery/Desserts,Bar/Pub,East Auckland,0.9908,32.66,2014,990,359,285,380,32333.4,12516.55,10176.5,12996.1,68022.55,0.2219,0.2872,0.286,6.8,3.76,1428.8,15872.47,2564.64,2085.16,4950.99,25473.26,0.4916,0.3506,0.2783,0.3711
192,Waterfront Grill #192,Indian,QSR,West Auckland,0.9932,35.41,5367,1604,1479,1341,943,56797.64,54506.36,50023.37,35702.82,197030.19,0.2675,0.3159,0.2005,13.3,4.02,3790.86,23661.9,11778.82,10810.05,11082.93,57333.7,0.2989,0.393,0.3564,0.2506
193,Waterfront Grill #193,Pizza,Casual Dining,North Shore,1.0137,40.44,2272,863,504,525,380,34899.72,21638.82,23367.15,15758.12,95663.81,0.3318,0.3731,0.2698,8.1,2.12,805.6,10298.91,547.46,591.19,3844.62,15282.18,0.3798,0.3577,0.3726,0.2697
194,Urban Burger Bar #194,Italian,QSR,Devonport,1.0179,32.36,4215,1161,1205,1220,629,37569.96,44661.81,42665.78,21141.83,146039.38,0.3553,0.3037,0.2996,5.8,3.45,2170.05,12811.36,1849.0,1766.36,5039.31,21466.03,0.2754,0.3946,0.3995,0.206
195,Hibiscus Grill #195,Italian,QSR,Manukau,0.99,29.79,5997,1726,1608,1387,1276,51417.54,52732.57,44135.91,40904.13,189190.15,0.3118,0.352,0.2729,8.0,2.07,2641.32,17286.58,3337.97,2793.8,11110.65,34529.0,0.2878,0.3765,0.3247,0.2988
196,Golden Wok #196,Seafood,Casual Dining,Waitakere,1.0042,34.99,2605,1033,397,617,558,36144.67,14669.99,22592.27,20771.19,94178.12,0.3084,0.3206,0.3015,3.0,0.89,496.62,13409.67,1019.56,1570.16,7209.49,23208.88,0.3965,0.2525,0.3925,0.355
197,Urban Burger Bar #197,Indian,Food Truck,Devonport,1.0249,29.79,1571,663,335,242,331,19750.77,10764.24,7457.88,10560.22,48533.11,0.313,0.2382,0.2545,9.1,2.94,973.14,8864.15,2091.49,1449.07,3766.29,16171.0,0.422,0.3689,0.2665,0.3645
198,Spice Route #198,Bakery/Desserts,Casual Dining,Newmarket,1.0219,39.9,3399,1227,690,757,725,48957.3,31071.95,31279.1,29819.04,141127.39,0.3128,0.3894,0.2408,8.9,2.28,1653.0,14579.48,1771.1,1782.91,7227.11,25360.6,0.361,0.3177,0.3485,0.3338
199,Urban Burger Bar #199,Italian,QSR,Ponsonby,1.0274,29.79,6828,1582,2241,1356,1649,47127.78,73895.81,46449.48,53039.87,220512.94,0.2887,0.2648,0.2779,12.4,2.32,3825.68,21042.55,12458.83,7831.38,19856.62,61189.38,0.2317,0.4272,0.2585,0.3143
200,Hibiscus Grill #200,Indian,Casual Dining,Waitakere,1.0066,39.53,3176,1094,713,661,708,43245.82,30802.84,28052.46,28328.83,130429.95,0.2912,0.4516,0.2809,3.0,4.97,3518.76,11122.82,-730.03,-664.84,3767.42,13495.37,0.3445,0.3425,0.3175,0.3401
201,Urban Burger Bar #201,Bakery/Desserts,QSR,Ponsonby,0.9993,29.79,4222,1486,1095,711,930,44267.94,37026.08,21609.62,28854.49,131758.13,0.3423,0.3454,0.2695,13.6,1.12,1041.6,13824.88,1584.72,924.89,7969.66,24304.15,0.352,0.4002,0.2599,0.3399
202,The Brass Fork #202,Korean BBQ,Bar/Pub,East Auckland,0.99,35.29,2301,1091,384,469,357,38501.39,15007.01,18932.38,13081.58,85522.36,0.2,0.3545,0.3168,12.4,3.22,1149.54,17152.37,1931.4,2436.6,4678.3,26198.67,0.4741,0.3174,0.3876,0.295
203,Fenwick's Bistro #203,Italian,Casual Dining,Newmarket,1.0112,38.38,3226,1222,858,654,492,46900.36,36340.11,25667.73,20089.1,128997.3,0.3439,0.4697,0.2545,13.9,1.71,841.32,8742.23,-2474.76,-1747.97,2903.29,7422.79,0.3788,0.4281,0.3263,0.2455
204,Volcano Pizza #204,Burgers,QSR,Devonport,1.0177,40.56,4893,1618,1218,1076,981,65626.08,51608.86,46890.27,42681.63,206806.84,0.2861,0.2251,0.2894,9.3,3.8,3727.8,32078.03,10290.81,9349.92,17134.98,68853.74,0.3307,0.3719,0.3285,0.2995
205,The Copper Pan #205,Steakhouse,QSR,Waitakere,1.0313,29.79,4079,1156,862,1100,961,34437.24,26547.71,36480.81,30302.69,127768.45,0.2877,0.2996,0.282,13.0,3.13,3007.93,14212.25,3469.79,4768.04,9497.99,31948.07,0.2834,0.2949,0.3763,0.3288
206,Southern Smoke BBQ #206,Steakhouse,QSR,Newmarket,1.0285,37.15,6346,1983,1774,1746,843,73668.45,75491.07,73873.36,32887.87,255920.75,0.3508,0.3183,0.2333,4.4,3.22,2714.46,24376.89,7367.93,7210.04,8168.14,47123.0,0.3125,0.4066,0.4002,0.1932
207,Rangitoto Roast #207,Sushi,Food Truck,Manukau,1.008,30.52,1495,728,283,292,192,22218.56,9482.32,9915.98,6060.21,47677.07,0.2686,0.2043,0.2404,12.0,1.76,337.92,11711.4,2718.58,2842.91,2856.42,20129.31,0.487,0.369,0.3807,0.2503
208,Pohutukawa Pub #208,Seafood,Cafe,Devonport,0.99,32.44,3496,1406,887,729,474,45610.64,30904.69,25547.08,16004.32,118066.73,0.2596,0.365,0.2804,6.8,1.96,929.04,17122.23,2935.95,2426.97,5078.98,27564.13,0.4022,0.4244,0.3488,0.2268
209,Southern Smoke BBQ #209,Mexican,Fine Dining,West Auckland,0.9922,45.41,1151,612,139,191,209,27790.92,6921.56,9945.49,9877.38,54535.35,0.3461,0.3947,0.3394,3.7,3.82,798.38,7203.41,-555.11,-797.63,1761.84,7612.51,0.5317,0.2579,0.3544,0.3878
210,Tui Table #210,Pizza,Casual Dining,Newmarket,1.0093,39.56,2793,991,702,478,622,39203.96,28549.7,19384.53,24646.42,111784.61,0.3324,0.4145,0.2974,5.6,4.75,2954.5,9922.52,-1264.75,-858.73,3283.51,11082.55,0.3548,0.3896,0.2653,0.3452
211,Southern Smoke BBQ #211,Bar & Grill,Casual Dining,Waitakere,1.003,37.46,2490,945,580,533,432,35399.7,24483.42,22927.08,16833.97,99644.17,0.3067,0.4329,0.2282,9.5,3.33,1438.56,9218.08,788.37,738.25,2945.01,13689.71,0.3795,0.3754,0.345,0.2796
212,Gecko Cafe #212,Sushi,QSR,Devonport,1.0033,37.09,4810,1532,1319,1069,890,56821.88,51277.97,44820.3,35270.55,188190.7,0.2528,0.3136,0.2,6.6,1.81,1610.9,24637.97,11978.53,10470.02,13682.41,60768.93,0.3185,0.4024,0.3261,0.2715
213,Tui Table #213,Vegan/Plant-Based,Bar/Pub,East Auckland,1.0058,34.4,2103,984,544,297,278,33849.6,21045.15,11654.93,10105.83,76655.51,0.234,0.2474,0.302,10.8,3.17,881.26,17554.4,4558.38,2524.46,4359.62,28996.86,0.4679,0.4861,0.2654,0.2484
214,The Copper Pan #214,Thai,Cafe,Ponsonby,0.9974,34.96,2615,1047,567,507,494,36603.12,21595.81,18666.26,18369.61,95234.8,0.3184,0.3017,0.2771,3.2,5.31,2623.14,13905.53,2220.05,1918.89,4355.47,22399.94,0.4004,0.3616,0.3233,0.3151
215,Rangitoto Roast #215,Burgers,Casual Dining,Auckland CBD,0.9966,35.74,3049,1154,711,698,486,41243.96,26833.0,25907.45,17912.25,111896.66,0.3222,0.4082,0.3142,3.0,2.91,1414.26,11119.37,-1196.75,-1155.47,3414.88,12182.03,0.3785,0.3752,0.3683,0.2565
216,Kowhai Kitchen #216,Bakery/Desserts,Casual Dining,North Shore,1.0107,37.79,3160,1239,899,583,439,46821.81,34786.1,24372.01,17291.86,123271.78,0.3335,0.3811,0.2536,14.3,4.41,1935.99,13362.94,1106.2,775.03,2999.11,18243.28,0.3921,0.468,0.3035,0.2285
217,Golden Wok #217,Sushi,Casual Dining,Manukau,1.0,34.25,2264,933,427,414,490,31955.25,16468.32,15413.99,16827.46,80665.02,0.3122,0.2453,0.2905,12.7,1.99,975.1,14140.2,2503.18,2342.93,6471.05,25457.36,0.4121,0.3208,0.311,0.3681
218,Golden Wok #218,Steakhouse,Bar/Pub,Devonport,1.0057,37.59,1952,848,530,327,247,31876.32,20778.18,13373.77,9569.21,75597.48,0.2402,0.4021,0.3054,5.8,2.75,679.25,11402.16,1086.7,699.45,2743.66,15931.97,0.4344,0.4801,0.2962,0.2237
219,The Copper Pan #219,Sushi,QSR,Ponsonby,1.0161,37.06,6470,1811,1655,1818,1186,67115.66,62974.05,76821.1,45621.33,252532.14,0.3503,0.3068,0.2666,9.5,3.48,4127.28,23013.96,4804.92,5861.45,11516.27,45196.6,0.2799,0.3552,0.3902,0.2546
220,The Brass Fork #220,Korean BBQ,Casual Dining,East Auckland,0.99,37.73,1839,756,418,380,285,28523.88,17636.3,15779.89,10972.59,72912.66,0.3144,0.339,0.2672,13.1,3.24,923.4,9886.38,1400.32,1252.92,2879.7,15419.32,0.4111,0.386,0.3509,0.2632
221,Spice Route #221,Vegan/Plant-Based,Cafe,Waitakere,0.9978,30.31,3434,1552,769,662,451,47041.12,24835.22,21277.93,13703.97,106858.24,0.2667,0.3997,0.2808,11.0,1.96,883.96,15692.92,1311.3,1123.47,3687.68,21815.37,0.452,0.4086,0.3518,0.2396
222,The Copper Pan #222,Mexican,Cafe,Manukau,1.0266,29.79,3414,1312,766,719,617,39084.48,24430.48,22961.36,19395.63,105871.95,0.3129,0.3161,0.2963,10.0,1.91,1178.47,14500.34,1824.96,1715.21,6017.31,24057.82,0.3843,0.3644,0.3421,0.2935
223,Gecko Cafe #223,Thai,QSR,Newmarket,0.9946,31.2,5762,1918,1664,1206,974,59841.6,54622.64,39032.74,31446.54,184943.52,0.2783,0.2656,0.2796,13.3,3.89,3788.86,27293.75,9640.9,6889.28,10553.91,54377.84,0.3329,0.4329,0.3137,0.2534
224,Cafe Aroha #224,Italian,QSR,Waitakere,0.99,29.79,4108,1001,1042,1024,1041,29819.79,35129.09,31877.71,32042.65,128869.24,0.2822,0.3179,0.3092,6.9,4.11,4278.51,11924.93,3186.21,2891.31,8535.35,26537.8,0.2437,0.3354,0.3296,0.335
225,Gecko Cafe #225,Seafood,QSR,East Auckland,0.99,29.79,5668,1772,1562,1247,1087,52787.88,49261.21,38583.37,33029.33,173661.79,0.3003,0.3891,0.2661,9.6,4.46,4848.02,16395.92,2192.12,1716.96,5410.89,25715.89,0.3126,0.4009,0.3201,0.279
226,Ocean & Vine #226,Vegan/Plant-Based,Cafe,Newmarket,1.0054,31.79,3166,1307,753,564,542,41549.53,25070.73,20176.81,17971.53,104768.6,0.28,0.4312,0.2401,9.4,4.78,2590.76,11999.5,1220.94,982.61,2599.42,16802.47,0.4128,0.4051,0.3034,0.2916
227,Kiwi Kitchen Co #227,Mexican,Cafe,North Shore,1.0055,35.62,3662,1451,851,762,598,51684.62,32137.51,30172.45,22047.18,136041.76,0.2878,0.368,0.3393,8.5,2.95,1764.1,17789.85,157.47,147.85,5824.54,23919.71,0.3962,0.3849,0.3446,0.2705
228,Mango Tree Thai #228,Burgers,Casual Dining,Newmarket,1.0042,47.23,1891,667,369,475,380,31502.41,18236.69,24429.66,18627.94,92796.7,0.3828,0.4031,0.2619,8.1,2.46,934.8,6744.67,-871.71,-1167.74,3053.44,7758.66,0.3527,0.3015,0.3881,0.3105
229,Silver Fern Diner #229,Seafood,Casual Dining,North Shore,1.0242,35.95,2602,843,697,665,397,30305.85,26593.03,25548.37,14935.37,97382.62,0.3301,0.4196,0.2629,9.8,4.29,1703.13,7585.55,-335.07,-321.91,2035.19,8963.76,0.324,0.3962,0.3781,0.2257
230,Blue Wave Sushi #230,Pizza,Cafe,West Auckland,0.99,36.02,3411,1689,646,633,443,60837.78,23985.18,25238.15,15964.93,126026.04,0.2087,0.2872,0.278,9.6,3.58,1585.94,30668.32,5423.05,5706.35,6461.98,48259.7,0.4952,0.3751,0.3676,0.2573
231,The Copper Pan #231,Indian,Cafe,Ponsonby,1.0109,31.85,2848,1153,521,722,452,36723.05,17267.71,25885.75,15441.59,95318.1,0.2898,0.3822,0.282,5.8,1.72,777.44,12045.16,794.31,1190.74,4287.4,18317.61,0.4048,0.3074,0.426,0.2667
232,Manuka Street Food #232,Mexican,QSR,Devonport,1.0354,31.47,4220,1179,1261,1097,683,37103.13,42628.87,39167.96,21616.25,140516.21,0.3011,0.2633,0.2684,12.3,1.66,1133.78,16162.12,7127.55,6548.88,8282.26,38120.81,0.2794,0.4147,0.3607,0.2246
233,The Grill House #233,Cafe/Brunch,Casual Dining,Newmarket,0.99,39.51,2093,836,463,457,337,33030.36,20750.46,19701.2,13795.19,87277.21,0.3213,0.3959,0.2795,6.1,3.34,1125.58,9340.99,68.48,65.01,2775.7,12250.18,0.3994,0.3683,0.3636,0.2681
234,Rangitoto Roast #234,Vegan/Plant-Based,Cafe,Devonport,0.9993,31.22,3080,1296,739,620,425,40461.12,23704.84,21806.63,13488.62,99461.21,0.2874,0.3386,0.2788,8.7,2.6,1105.0,15132.46,2256.7,2075.99,3939.74,23404.89,0.4208,0.4142,0.3475,0.2382
235,Fenwick's Bistro #235,Thai,QSR,Waitakere,1.0007,32.39,3945,1067,1113,1090,675,34560.13,37767.77,38357.92,22779.38,133465.2,0.2991,0.3251,0.2852,8.5,2.77,1869.75,12987.7,3421.76,3475.23,6690.74,26575.43,0.2705,0.3867,0.3787,0.2345
236,Gecko Cafe #236,Cafe/Brunch,Cafe,South Auckland,0.9916,29.79,4276,1586,1128,873,689,47246.94,38243.2,28131.13,20985.45,134606.72,0.2784,0.3559,0.2093,10.8,3.98,2742.22,17278.21,5981.24,4399.71,4932.16,32591.32,0.3709,0.4193,0.3245,0.2561
237,Arataki Eatery #237,Chinese,Cafe,Auckland CBD,1.0001,29.79,3207,1521,588,523,575,45310.59,19893.55,17644.64,18307.75,101156.53,0.2984,0.2,0.3364,3.0,3.63,2087.25,22727.79,3286.41,2914.89,7095.92,36025.01,0.4743,0.3488,0.3102,0.341
238,Nikau Noodle House #238,Italian,QSR,North Shore,1.0334,29.79,6370,2119,1433,1576,1242,63125.01,47313.52,50246.21,38172.38,198857.12,0.2837,0.3089,0.2756,12.6,4.26,5290.92,25717.13,6235.92,6622.45,10260.51,48836.01,0.3327,0.3371,0.3707,0.2922
239,Ocean & Vine #239,Vegan/Plant-Based,Casual Dining,West Auckland,1.0336,40.29,3452,1310,753,854,535,52779.9,31893.56,36866.73,22656.63,144196.82,0.2916,0.4121,0.2974,7.1,0.89,476.15,15638.68,-35.08,-40.55,6237.01,21800.06,0.3795,0.3515,0.3987,0.2498
240,Waterfront Grill #240,Seafood,Casual Dining,Auckland CBD,1.001,37.03,1948,629,569,409,341,23291.87,22641.38,16048.51,12878.64,74860.4,0.4,0.4023,0.2387,13.8,3.08,1050.28,4604.8,-928.3,-657.99,1495.83,4514.34,0.3229,0.4314,0.3101,0.2585
241,Ponsonby Pizza Co #241,Korean BBQ,Casual Dining,Manukau,1.0346,35.91,2935,1063,727,649,496,38172.33,27345.55,25343.23,17839.01,108700.12,0.2985,0.3749,0.2659,7.8,3.56,1765.76,12467.08,1659.87,1538.33,4060.46,19725.74,0.3622,0.3884,0.3467,0.265
242,Mango Tree Thai #242,Korean BBQ,Casual Dining,Devonport,1.0065,38.03,3200,970,679,759,792,36889.1,26770.48,31486.57,31093.6,126239.75,0.323,0.4621,0.2598,9.3,1.12,887.04,7927.47,-1201.99,-1413.75,5794.97,11106.7,0.3031,0.3045,0.3404,0.3552
243,Golden Wok #243,Vegan/Plant-Based,Casual Dining,Newmarket,1.0323,40.78,2900,1146,754,466,534,46733.88,32882.03,21015.19,22711.14,123342.24,0.2751,0.3956,0.3241,16.2,2.08,1110.72,15389.47,170.99,109.28,6368.06,22037.8,0.3952,0.4299,0.2657,0.3044
244,Arataki Eatery #244,Seafood,Cafe,East Auckland,1.0036,31.63,3267,1436,759,572,500,45420.68,26284.41,19466.75,16396.42,107568.26,0.2835,0.3719,0.2624,8.5,1.88,940.0,15651.97,2160.58,1600.17,4710.21,24122.93,0.4395,0.4145,0.3124,0.2731
245,Waterfront Grill #245,Indian,Fine Dining,Ponsonby,0.999,42.7,862,508,134,110,110,21691.6,6103.97,4923.95,5058.49,37778.01,0.322,0.5022,0.3027,13.8,2.82,310.2,3813.38,-774.59,-624.85,579.08,2993.02,0.5893,0.3785,0.3107,0.3107
246,Golden Wok #246,Thai,Casual Dining,Newmarket,1.0115,42.29,1898,649,465,380,404,27446.21,21619.68,18202.55,18051.28,85319.72,0.3067,0.3981,0.2605,9.6,4.59,1854.36,8102.12,750.2,631.63,3474.38,12958.33,0.3419,0.3723,0.3042,0.3235
247,Rangitoto Roast #247,Pizza,Cafe,Ponsonby,1.05,36.53,3644,1452,894,621,677,53041.56,34568.73,24159.21,26700.71,138470.21,0.3114,0.3051,0.2664,11.0,5.02,3398.54,20341.44,4048.0,2829.04,6841.18,34059.66,0.3985,0.4078,0.2833,0.3089
248,Nikau Noodle House #248,Chinese,Casual Dining,East Auckland,1.0188,39.73,3433,1310,803,675,645,52046.3,33975.64,30571.77,26230.74,142824.45,0.3342,0.2581,0.2726,9.7,1.9,1225.5,21219.28,4590.11,4130.25,9468.77,39408.41,0.3816,0.3782,0.3179,0.3038
249,Tui Table #249,Korean BBQ,Cafe,South Auckland,0.9944,34.41,4311,1849,966,1005,491,63624.09,37321.53,36205.88,17961.81,155113.31,0.2971,0.3261,0.3185,12.5,3.38,1659.58,23973.56,2175.85,2110.8,5108.43,33368.64,0.4289,0.3924,0.4082,0.1994
250,Harbor Bites #250,Thai,Casual Dining,Newmarket,1.0205,42.35,1922,741,477,356,348,31381.35,22911.53,16475.82,15392.82,86161.52,0.2669,0.418,0.2233,7.1,3.41,1186.68,9888.26,2103.28,1512.48,3663.6,17167.62,0.3855,0.4039,0.3014,0.2947
